div_bid,ndcg10,ild10,cov10,f_score
0.0,0.3257,0.092,1.0,0.1435
0.1,0.3267,0.1231,1.0,0.1788
0.2,0.3167,0.1618,1.0,0.2141
0.30000000000000004,0.2682,0.3298,1.0,0.2958
0.4,0.2512,0.5542,1.0,0.3457
0.5,0.1817,0.7538,1.0,0.2928
0.6000000000000001,0.1567,0.7778,1.0,0.2609
0.7000000000000001,0.152,0.792,1.0,0.255
0.8,0.1532,0.7916,1.0,0.2567
0.9,0.1541,0.796,1.0,0.2583
1.0,0.1249,0.8316,1.0,0.2171
